<?xml version="1.0" encoding="UTF-8"?>
<project-private xmlns="http://www.netbeans.org/ns/project-private/1">
    <editor-bookmarks xmlns="http://www.netbeans.org/ns/editor-bookmarks/2" lastBookmarkId="0"/>
    <open-files xmlns="http://www.netbeans.org/ns/projectui-open-files/2">
        <group>
            <file>file:/C:/Users/ACER/Documents/My%20Web%20Sites/Admin/src/client/Fill_in_the_blank.java</file>
            <file>file:/C:/Users/ACER/Documents/My%20Web%20Sites/Admin/src/adt/LinkedList.java</file>
            <file>file:/C:/Users/ACER/Documents/My%20Web%20Sites/Admin/src/adt/LinkedListInterface.java</file>
            <file>file:/C:/Users/ACER/Documents/My%20Web%20Sites/Admin/src/Entity/Admin.java</file>
        </group>
    </open-files>
</project-private>
