<?xml version="1.0" encoding="UTF-8"?>
<project-private xmlns="http://www.netbeans.org/ns/project-private/1">
    <editor-bookmarks xmlns="http://www.netbeans.org/ns/editor-bookmarks/2" lastBookmarkId="0"/>
    <open-files xmlns="http://www.netbeans.org/ns/projectui-open-files/2">
        <group>
            <file>file:/C:/Users/laiha/Desktop/New%20Folder/PlayerModules/src/playermodules/PlayerArrayStack.java</file>
            <file>file:/C:/Users/laiha/Desktop/New%20Folder/PlayerModules/src/playermodules/PlayerModules.java</file>
            <file>file:/C:/Users/laiha/Desktop/New%20Folder/PlayerModules/src/playermodules/PlayerStackInterface.java</file>
            <file>file:/C:/Users/laiha/Desktop/New%20Folder/PlayerModules/src/playermodules/Player.java</file>
        </group>
    </open-files>
</project-private>
